{"noiseKey":{"private":{"type":"Buffer","data":"mKPFLLRwruDpAbmy1IsBSPJpf1zN9n4jc+753/618mc="},"public":{"type":"Buffer","data":"zb/9sG8kh7fOwj4QR5skUwJNLDnkaNJLMxO5X3+7QVg="}},"pairingEphemeralKeyPair":{"private":{"type":"Buffer","data":"6EUiCeMWFjQbMVnbzKXaWB2I0FXYLvbeyyVPyKQRJ20="},"public":{"type":"Buffer","data":"ttVuvbC6wmDJB4cn0mVzuhlNzfsX/c8i6XjO8xBXtSI="}},"signedIdentityKey":{"private":{"type":"Buffer","data":"MK8/h1p2QoEIcLCQaOITptKweLUZPTjVXza6JMtzAHQ="},"public":{"type":"Buffer","data":"ScrgCbIfy8dAzfRWvo/K5FcLxZK2+teQJHSOUVv40FI="}},"signedPreKey":{"keyPair":{"private":{"type":"Buffer","data":"YLxgmy0pC8k1NDbpYAF1ATeU0VfAtmFh/5TQYhEXEm0="},"public":{"type":"Buffer","data":"u44ZpF9T6P6SIUDeBCQJDnjUsfX8+BaAOF0xHDqaZSg="}},"signature":{"type":"Buffer","data":"gzTBTMDKnzc49Z7wkB/M64+tQRYVPi07gpWsQwYtV4i8ndYoSufV8ySXnK6AMKqF6f+qiH0xJPscklpQYa1LiA=="},"keyId":1},"registrationId":94,"advSecretKey":"BAyZFk8aSBRn9HFspwfKKUW58qLqmHf4pfSxyOt3u7U=","processedHistoryMessages":[{"key":{"remoteJid":"2349123721026@s.whatsapp.net","fromMe":true,"id":"8B0082926F954F5AF21D85E09356CD3B"},"messageTimestamp":1739932101},{"key":{"remoteJid":"2349123721026@s.whatsapp.net","fromMe":true,"id":"2DC94AEE337BC0831007D746D7E78399"},"messageTimestamp":1739932102}],"nextPreKeyId":292,"firstUnuploadedPreKeyId":292,"accountSyncCounter":1,"accountSettings":{"unarchiveChats":false},"deviceId":"K2yYjHARS1aukn2Ni7Z7zw","phoneId":"7e05256c-94e8-45d4-8c30-051b48a08de5","identityId":{"type":"Buffer","data":"MkvKzxMu8+m3HbV1dd85gpXuDFE="},"registered":true,"backupToken":{"type":"Buffer","data":"R+LkEqyW2g0YHc+BkR1Q8veflmY="},"registration":{},"pairingCode":"QVSZK83R","me":{"id":"2349123721026:24@s.whatsapp.net","name":"King","lid":"113812942360751:24@lid"},"account":{"details":"COPdzI8EELGD1b0GGAEgACgA","accountSignatureKey":"audjG8KpFmM20UcNELdXmyvGvLA1XhqCZpO9KN7QUi4=","accountSignature":"fyombBdjYZXYGTTxvbagnbs5qGcdorcw5mo1vFLZJXtSkahyr7olvs85ygtROCKAyUCGYQEBAz2O/fSG/1suDQ==","deviceSignature":"TKuSJK5VPd6JWq5sZe0X+eU0SRydjQXEA/ClR+C4nAoNSQRFO0R/WaAXJFBU0wRT/xVc9qyW4kNRbx07aDQMjQ=="},"signalIdentities":[{"identifier":{"name":"2349123721026:24@s.whatsapp.net","deviceId":0},"identifierKey":{"type":"Buffer","data":"BWrnYxvCqRZjNtFHDRC3V5srxrywNV4agmaTvSje0FIu"}}],"platform":"smba","lastAccountSyncTimestamp":1739932112,"myAppStateKeyId":"AAAAANJf","routingInfo":{"type":"Buffer","data":"CBIIBQ=="},"lastPropHash":"2G4Amu"}